{"cameraMode":{"drawMode":0,"name":"Shaded","section":"Shading Mode"},"sceneLighting":false,"audioPlay":false,"sceneViewState":{"m_AlwaysRefresh":false,"showFog":true,"showSkybox":false,"showFlares":true,"showImageEffects":true,"showParticleSystems":true,"showVisualEffectGraphs":true,"m_FxEnabled":true},"in2DMode":false,"pivot":{"x":0.050492625683546069,"y":3.2338385581970217,"z":95.81681060791016},"rotation":{"x":0.23797860741615296,"y":-0.00932164303958416,"z":0.0022636866196990015,"w":0.9712274670600891},"size":1.8857818841934205,"orthographic":false}