{"cameraMode":{"drawMode":0,"name":"Shaded","section":"Shading Mode"},"sceneLighting":false,"audioPlay":false,"sceneViewState":{"m_AlwaysRefresh":false,"showFog":true,"showSkybox":false,"showFlares":true,"showImageEffects":true,"showParticleSystems":true,"showVisualEffectGraphs":true,"m_FxEnabled":true},"in2DMode":false,"pivot":{"x":-0.09824523329734802,"y":0.4724684953689575,"z":-4.181888580322266},"rotation":{"x":0.05574610084295273,"y":0.014048829674720765,"z":-0.0019965677056461574,"w":0.9981864094734192},"size":0.000017320508050033823,"orthographic":false}