{"cameraMode":{"drawMode":0,"name":"Shaded","section":"Shading Mode"},"sceneLighting":false,"audioPlay":false,"sceneViewState":{"m_AlwaysRefresh":false,"showFog":true,"showSkybox":false,"showFlares":true,"showImageEffects":true,"showParticleSystems":true,"showVisualEffectGraphs":true,"m_FxEnabled":true},"in2DMode":false,"pivot":{"x":-23.720312118530275,"y":16.031776428222658,"z":-43.02729415893555},"rotation":{"x":-0.014068756252527237,"y":-0.5478490591049194,"z":0.009190412238240242,"w":-0.8363730907440186},"size":1.4546220302581788,"orthographic":false}