{"cameraMode":{"drawMode":0,"name":"Shaded","section":"Shading Mode"},"sceneLighting":false,"audioPlay":false,"sceneViewState":{"m_AlwaysRefresh":false,"showFog":true,"showSkybox":false,"showFlares":true,"showImageEffects":true,"showParticleSystems":true,"showVisualEffectGraphs":true,"m_FxEnabled":true},"in2DMode":false,"pivot":{"x":0.10756530612707138,"y":-0.04304121807217598,"z":2.696781635284424},"rotation":{"x":0.06297341734170914,"y":0.08131007850170136,"z":-0.006063417997211218,"w":0.9945412874221802},"size":2.9875965118408205,"orthographic":false}