{"cameraMode":{"drawMode":0,"name":"Shaded","section":"Shading Mode"},"sceneLighting":false,"audioPlay":false,"sceneViewState":{"m_AlwaysRefresh":false,"showFog":true,"showSkybox":false,"showFlares":true,"showImageEffects":true,"showParticleSystems":true,"showVisualEffectGraphs":true,"m_FxEnabled":true},"in2DMode":false,"pivot":{"x":-0.09879399836063385,"y":0.07867777347564697,"z":0.05485434830188751},"rotation":{"x":-0.2876102924346924,"y":0.08090078085660935,"z":-0.024388443678617479,"w":-0.9540106654167175},"size":0.3690096437931061,"orthographic":false}