{"cameraMode":{"drawMode":0,"name":"Shaded","section":"Shading Mode"},"sceneLighting":false,"audioPlay":false,"sceneViewState":{"m_AlwaysRefresh":false,"showFog":true,"showSkybox":false,"showFlares":true,"showImageEffects":true,"showParticleSystems":true,"showVisualEffectGraphs":true,"m_FxEnabled":true},"in2DMode":false,"pivot":{"x":-0.04989511892199516,"y":5.680342674255371,"z":-84.47036743164063},"rotation":{"x":-0.19700731337070466,"y":-0.006766782142221928,"z":0.0013602932449430228,"w":-0.980375349521637},"size":0.8660253882408142,"orthographic":false}