{"cameraMode":{"drawMode":0,"name":"Shaded","section":"Shading Mode"},"sceneLighting":false,"audioPlay":false,"sceneViewState":{"m_AlwaysRefresh":false,"showFog":true,"showSkybox":false,"showFlares":true,"showImageEffects":true,"showParticleSystems":true,"showVisualEffectGraphs":true,"m_FxEnabled":true},"in2DMode":false,"pivot":{"x":0.16309410333633424,"y":4.180531024932861,"z":-4.388432025909424},"rotation":{"x":-0.23362791538238526,"y":-0.0037937918677926065,"z":0.000913030409719795,"w":-0.972317636013031},"size":3.0743906497955324,"orthographic":false}