{"cameraMode":{"drawMode":0,"name":"Shaded","section":"Shading Mode"},"sceneLighting":true,"audioPlay":false,"sceneViewState":{"m_AlwaysRefresh":false,"showFog":true,"showSkybox":false,"showFlares":true,"showImageEffects":true,"showParticleSystems":true,"showVisualEffectGraphs":true,"m_FxEnabled":true},"in2DMode":false,"pivot":{"x":6.2964558601379398,"y":-3.0101876258850099,"z":3.0221002101898195},"rotation":{"x":-0.17188085615634919,"y":-0.5106357932090759,"z":0.10500741004943848,"w":-0.8358610272407532},"size":9.699484825134278,"orthographic":false}