{"cameraMode":{"drawMode":0,"name":"Shaded","section":"Shading Mode"},"sceneLighting":false,"audioPlay":false,"sceneViewState":{"m_AlwaysRefresh":false,"showFog":true,"showSkybox":false,"showFlares":true,"showImageEffects":true,"showParticleSystems":true,"showVisualEffectGraphs":true,"m_FxEnabled":true},"in2DMode":false,"pivot":{"x":-14.900575637817383,"y":40.895301818847659,"z":103.25760650634766},"rotation":{"x":-0.011015461757779122,"y":-0.9837884902954102,"z":0.16417166590690614,"w":-0.06983373314142227},"size":12.574689865112305,"orthographic":false}