{"cameraMode":{"drawMode":0,"name":"Shaded","section":"Shading Mode"},"sceneLighting":false,"audioPlay":false,"sceneViewState":{"m_AlwaysRefresh":false,"showFog":true,"showSkybox":false,"showFlares":true,"showImageEffects":true,"showParticleSystems":true,"showVisualEffectGraphs":true,"m_FxEnabled":true},"in2DMode":false,"pivot":{"x":0.10806822776794434,"y":-0.9860504865646362,"z":-0.13793039321899415},"rotation":{"x":-0.3213658332824707,"y":-0.23058724403381349,"z":0.08100078254938126,"w":-0.9148623943328857},"size":1.5744773149490357,"orthographic":false}