{"cameraMode":{"drawMode":0,"name":"Shaded","section":"Shading Mode"},"sceneLighting":false,"audioPlay":false,"sceneViewState":{"m_AlwaysRefresh":false,"showFog":true,"showSkybox":false,"showFlares":true,"showImageEffects":true,"showParticleSystems":true,"showVisualEffectGraphs":true,"m_FxEnabled":true},"in2DMode":false,"pivot":{"x":26.130149841308595,"y":22.728178024291993,"z":-128.97409057617188},"rotation":{"x":-0.04080535098910332,"y":0.04344196990132332,"z":-0.0005032343906350434,"w":-0.9980674982070923},"size":0.8660253882408142,"orthographic":false}