{"cameraMode":{"drawMode":0,"name":"Shaded","section":"Shading Mode"},"sceneLighting":true,"audioPlay":false,"sceneViewState":{"m_AlwaysRefresh":false,"showFog":true,"showSkybox":false,"showFlares":true,"showImageEffects":true,"showParticleSystems":true,"showVisualEffectGraphs":true,"m_FxEnabled":true},"in2DMode":false,"pivot":{"x":-0.7609463334083557,"y":0.7658685445785523,"z":3.687290668487549},"rotation":{"x":-0.05568994581699371,"y":0.05448111519217491,"z":-0.0030784690752625467,"w":-0.9969058036804199},"size":4.849742412567139,"orthographic":false}