{"cameraMode":{"drawMode":0,"name":"Shaded","section":"Shading Mode"},"sceneLighting":false,"audioPlay":false,"sceneViewState":{"m_AlwaysRefresh":false,"showFog":true,"showSkybox":false,"showFlares":true,"showImageEffects":true,"showParticleSystems":true,"showVisualEffectGraphs":true,"m_FxEnabled":true},"in2DMode":false,"pivot":{"x":0.08734539896249771,"y":0.09026826918125153,"z":0.03377703204751015},"rotation":{"x":0.20992545783519746,"y":0.12602676451206208,"z":-0.02727985940873623,"w":0.9691573977470398},"size":1.4237205982208253,"orthographic":false}