{"cameraMode":{"drawMode":0,"name":"Shaded","section":"Shading Mode"},"sceneLighting":false,"audioPlay":false,"sceneViewState":{"m_AlwaysRefresh":false,"showFog":true,"showSkybox":false,"showFlares":true,"showImageEffects":true,"showParticleSystems":true,"showVisualEffectGraphs":true,"m_FxEnabled":true},"in2DMode":false,"pivot":{"x":7.312225818634033,"y":1.815276861190796,"z":-2.40527081489563},"rotation":{"x":0.09432853758335114,"y":-0.5822985172271729,"z":0.06671515852212906,"w":0.8045334219932556},"size":0.000017320508050033823,"orthographic":false}