{"cameraMode":{"drawMode":0,"name":"Shaded","section":"Shading Mode"},"sceneLighting":false,"audioPlay":false,"sceneViewState":{"m_AlwaysRefresh":false,"showFog":true,"showSkybox":false,"showFlares":true,"showImageEffects":true,"showParticleSystems":true,"showVisualEffectGraphs":true,"m_FxEnabled":true},"in2DMode":false,"pivot":{"x":-0.028566647320985795,"y":0.6914681196212769,"z":101.82169342041016},"rotation":{"x":-0.09530489891767502,"y":0.7540892958641052,"z":-0.11160961538553238,"w":-0.640030026435852},"size":2.286306858062744,"orthographic":false}