{"cameraMode":{"drawMode":0,"name":"Shaded","section":"Shading Mode"},"sceneLighting":true,"audioPlay":false,"sceneViewState":{"m_AlwaysRefresh":false,"showFog":true,"showSkybox":false,"showFlares":true,"showImageEffects":true,"showParticleSystems":true,"showVisualEffectGraphs":true,"m_FxEnabled":true},"in2DMode":false,"pivot":{"x":-0.9691146016120911,"y":-0.4855695068836212,"z":2.2537872791290285},"rotation":{"x":-0.25473594665527346,"y":-0.07186760753393173,"z":0.018990913406014444,"w":-0.9641396403312683},"size":9.992204666137696,"orthographic":false}